{
  "hot_exertion_scores": [
    51003.100000000006,
    94720.0,
    72944.0,
    77370.0,
    122675.0,
    89590.0,
    86830.0,
    92970.0,
    71640.0,
    76696.0,
    65120.0,
    29900.0,
    73940.0,
    107410.0,
    74785.0,
    87525.0,
    96160.0,
    72360.0,
    81075.0
  ],
  "regular_temp_exertion_scores": [
    65356.0,
    29705.0,
    62150.0,
    43291.0,
    70635.0,
    37825.0,
    59256.0,
    72035.0,
    82000.0,
    105855.0,
    10197.5,
    10155.0,
    15465.0,
    58950.0,
    82810.0,
    34052.5,
    60200.0,
    116370.0,
    10420.0,
    73550.0,
    57500.0,
    62390.0,
    60965.0,
    41150.0,
    66437.5,
    106010.0,
    95550.0,
    55540.0,
    23815.0,
    58150.0,
    114740.0,
    31455.0,
    58375.0,
    76986.0,
    65420.0,
    24400.0,
    56540.0,
    91945.0,
    83100.0,
    47248.0,
    46393.0,
    64000.0,
    53510.0,
    58985.0,
    96900.0,
    65489.0,
    23122.0,
    82370.0,
    20777.0,
    105430.0,
    85370.0,
    25724.0,
    52830.0,
    72386.0,
    75680.0,
    77450.0,
    25922.0,
    120570.0,
    75504.0,
    33774.0,
    20400.0,
    119080.0,
    80590.0,
    31081.0,
    124875.0,
    59560.0,
    80020.0,
    107670.0,
    87365.0,
    27225.0
  ],
  "humid_exertion_scores": [
    65356.0,
    70635.0,
    37825.0,
    82000.0,
    105855.0,
    58950.0,
    60200.0,
    116370.0,
    10420.0,
    73550.0,
    57500.0,
    62390.0,
    60965.0,
    41150.0,
    66437.5,
    106010.0,
    95550.0,
    55540.0,
    23815.0,
    58150.0,
    114740.0,
    31455.0,
    58375.0,
    122675.0,
    76986.0,
    65420.0,
    24400.0,
    56540.0,
    83100.0,
    47248.0,
    86830.0,
    46393.0,
    64000.0,
    92970.0,
    76696.0,
    53510.0,
    65120.0,
    29900.0,
    96900.0,
    73940.0,
    65489.0,
    23122.0,
    82370.0,
    20777.0,
    105430.0,
    85370.0,
    75680.0,
    77450.0,
    25922.0,
    120570.0,
    20400.0,
    119080.0,
    80590.0,
    31081.0,
    124875.0,
    80020.0,
    107670.0,
    87365.0
  ],
  "regular_humidity_exertion_scores": [
    29705.0,
    62150.0,
    43291.0,
    59256.0,
    72035.0,
    51003.100000000006,
    94720.0,
    72944.0,
    10197.5,
    10155.0,
    15465.0,
    77370.0,
    82810.0,
    34052.5,
    91945.0,
    89590.0,
    71640.0,
    58985.0,
    107410.0,
    74785.0,
    87525.0,
    25724.0,
    96160.0,
    52830.0,
    72386.0,
    72360.0,
    75504.0,
    33774.0,
    81075.0,
    59560.0,
    27225.0
  ]
}